method,path,description
"GET","/users/@me","The bot's own user. A good login test."
"GET","/users/{user.id}","Any user by id."
"GET","/users/@me/guilds","Servers the bot is in."
"POST","/users/@me/channels","Open a DM channel with a user (body: recipient_id)."
"GET","/applications/@me","Info about your own application."
"GET","/gateway/bot","Gateway URL, recommended shard count, session limits."
"GET","/channels/{channel.id}","Channel details."
"DELETE","/channels/{channel.id}","Delete a channel (or close a DM)."
"POST","/channels/{channel.id}/messages","Send a message: content, embeds, components, files."
"GET","/channels/{channel.id}/messages","Read recent messages. Needs Read Message History."
"GET","/channels/{channel.id}/messages/{message.id}","One message."
"PATCH","/channels/{channel.id}/messages/{message.id}","Edit a message the bot sent."
"DELETE","/channels/{channel.id}/messages/{message.id}","Delete a message."
"POST","/channels/{channel.id}/messages/bulk-delete","Delete 2 to 100 recent messages at once."
"PUT","/channels/{channel.id}/messages/{message.id}/reactions/{emoji}/@me","Add a reaction."
"POST","/channels/{channel.id}/messages/{message.id}/threads","Start a thread from a message."
"POST","/channels/{channel.id}/threads","Start a thread with no message."
"GET","/channels/{channel.id}/invites","List invites for a channel."
"POST","/channels/{channel.id}/invites","Create an invite."
"POST","/channels/{channel.id}/webhooks","Create a webhook in a channel."
"GET","/invites/{code}","Look up an invite."
"GET","/guilds/{guild.id}","Server info."
"GET","/guilds/{guild.id}/channels","List channels."
"POST","/guilds/{guild.id}/channels","Create a channel."
"GET","/guilds/{guild.id}/roles","List roles."
"POST","/guilds/{guild.id}/roles","Create a role."
"GET","/guilds/{guild.id}/members","List members. Needs the Server Members intent."
"GET","/guilds/{guild.id}/members/{user.id}","One member, with roles."
"PATCH","/guilds/{guild.id}/members/{user.id}","Edit a member: nickname, roles, timeout (communication_disabled_until)."
"PUT","/guilds/{guild.id}/members/{user.id}/roles/{role.id}","Give a role."
"DELETE","/guilds/{guild.id}/members/{user.id}/roles/{role.id}","Remove a role."
"DELETE","/guilds/{guild.id}/members/{user.id}","Kick a member."
"GET","/guilds/{guild.id}/bans","List bans."
"PUT","/guilds/{guild.id}/bans/{user.id}","Ban a user."
"DELETE","/guilds/{guild.id}/bans/{user.id}","Unban a user."
"GET","/guilds/{guild.id}/audit-logs","Read the audit log. Needs View Audit Log."
"GET","/guilds/{guild.id}/emojis","List custom emoji."
"GET","/guilds/{guild.id}/scheduled-events","List scheduled events."
"POST","/guilds/{guild.id}/scheduled-events","Create a scheduled event."
"GET","/guilds/{guild.id}/auto-moderation/rules","List AutoMod rules."
"POST","/guilds/{guild.id}/auto-moderation/rules","Create an AutoMod rule."
"GET","/guilds/{guild.id}/webhooks","List webhooks in a server."
"GET","/applications/{application.id}/commands","List global slash commands."
"PUT","/applications/{application.id}/commands","Replace all global slash commands at once."
"DELETE","/applications/{application.id}/commands/{command.id}","Delete one global command."
"PUT","/applications/{application.id}/guilds/{guild.id}/commands","Replace all commands for one server. Instant."
"POST","/interactions/{interaction.id}/{interaction.token}/callback","First reply to an interaction. Within 3 seconds."
"PATCH","/webhooks/{application.id}/{interaction.token}/messages/@original","Edit the first reply (after a defer)."
"DELETE","/webhooks/{application.id}/{interaction.token}/messages/@original","Delete the first reply."
"POST","/webhooks/{application.id}/{interaction.token}","Send a followup. Valid for 15 minutes."
"POST","/webhooks/{webhook.id}/{webhook.token}","Post through a webhook. No bot token needed."
"POST","/oauth2/token","Swap an OAuth2 code for an access token (form-encoded)."
